id,recommended,reviewer_segment
f23517f9-eea1-51db-bd8f-a5f4da25eada,0,material_and_quality
b2c3f7bb-14b4-5279-818e-2bbc4c06f2f7,1,fit_and_sizing
4b2612ea-7997-5680-ba32-ec409ae66eae,1,overall_wearability_and_value
6901cb23-fa1e-53b5-ae78-b471f020c649,1,fit_and_sizing
4d04ff85-163c-5e72-a917-4ab28083d342,1,overall_wearability_and_value
58ed57d4-01c2-57e9-b3c3-a844bfd8c212,1,overall_wearability_and_value
196a79c3-efde-5ef7-9d30-d1b9e9a7df81,1,fit_and_sizing
d2ba696d-6c66-52a3-b3c9-9328823078bc,1,overall_wearability_and_value
a55894c6-0e13-5cf3-a87b-ac4c2385d348,0,material_and_quality
380b8fd3-4ab0-53a4-99ca-1d9d3852f8b1,1,material_and_quality
a0e0a954-4375-525b-a791-565c4fbd9231,1,fit_and_sizing
02c06245-4a1e-55bc-8c9c-354ab3f7ea34,0,fit_and_sizing
e4b73300-1fa7-512d-8da2-fcd109800bc6,1,style_and_appearance
e526c973-c63b-5c2c-8a8f-da444b24afe5,0,fit_and_sizing
f76e7cf6-02d1-5b31-8e4e-a8679c0a0ab4,1,fit_and_sizing
709abe4a-24b1-5b32-96f5-dce6433ed132,0,overall_wearability_and_value
d0535ac5-8b12-5ad1-b755-db311fe91533,1,fit_and_sizing
aef17d40-45d4-5472-a669-82056ce6ea47,0,fit_and_sizing
cd52f78f-a8dc-54cc-b8ee-84ba4ef83290,0,fit_and_sizing
6313ff16-0e29-5f57-b3f8-4725dc16f88b,0,fit_and_sizing
064a3082-e8f7-522c-b913-3c811b4b927e,0,fit_and_sizing
e1aed248-9d6b-5c0c-bf6e-ed5224df9e82,0,fit_and_sizing
9803eb96-dbc3-5117-b2a9-4ea038d61238,0,fit_and_sizing
1b64b9bd-cb91-5045-b7df-faec01741473,1,style_and_appearance
2705b6ee-9ac8-58df-adc5-0bad62f039c2,1,material_and_quality
304a984b-9e2c-5867-b098-9cc70f228756,1,fit_and_sizing
370e6b09-dd97-559c-9691-b6d689287065,0,fit_and_sizing
dac49d3e-c20a-5e1e-9954-7ecea9fe339f,1,overall_wearability_and_value
2b03de35-d425-58ef-a5ae-bb6751cddac6,1,overall_wearability_and_value
fc77a422-b1fe-5888-9595-2af4b0a0c9a0,1,overall_wearability_and_value
6c0119a1-b432-5f9d-8732-749c3b5a252e,1,overall_wearability_and_value
3b6a3a62-0058-5990-86db-a9ecd4e1a88e,0,material_and_quality
54893ff4-e323-5283-b539-fff1e4e82c5c,0,fit_and_sizing
8f7b6d59-1b9e-5263-b4ac-b92152ff57f2,1,overall_wearability_and_value
abe5ddc6-76ad-5dda-8054-86afabb756aa,0,material_and_quality
5bd2e658-957d-53c0-8e34-1633dddfad95,1,material_and_quality
23c1f012-4eac-58f5-bf71-c66998524c65,0,material_and_quality
660ac480-3b19-59bf-b6ae-deac05403151,0,fit_and_sizing
b1606b0c-cf48-5f2a-b1aa-70984889d13f,1,fit_and_sizing
c491ad36-51e1-5537-862f-abcf4cf42dd9,1,material_and_quality
0282b0ac-f194-59fe-8219-ab9a74bfca20,0,style_and_appearance
368bebf4-9d43-5b49-a1a9-d63e253d287c,0,fit_and_sizing
a38548c1-3952-59d1-a000-3536e2327565,0,fit_and_sizing
17c548ff-6969-5aba-9e58-2bf685a4b6f6,1,fit_and_sizing
061a71b6-5514-5102-8349-66ad8bbe88b4,0,fit_and_sizing
7426c11b-058e-5442-99d9-7dc79ac4fd75,0,fit_and_sizing
84c40ad1-fdad-56a6-b996-9814c2537edf,1,overall_wearability_and_value
90051295-99ec-5e3b-a588-e05f98fa804b,1,fit_and_sizing
4feb55a0-8cf4-599e-9769-8ab66faf004d,1,fit_and_sizing
7be22ff5-78c3-5912-ad88-3e487aefe2ad,1,overall_wearability_and_value
40e3a40c-c230-5577-9c8e-045c122b45c0,0,material_and_quality
da3c7d2d-03aa-51e7-bb5b-a5b0fcf039f7,1,fit_and_sizing
4573af30-64ec-5a27-a075-132b60ac3abd,0,overall_wearability_and_value
6f1f3c27-61e1-55e3-96f5-0e6bfdccf7ff,0,fit_and_sizing
f5757d66-c0a9-58cb-9772-9bdd27c4d245,1,overall_wearability_and_value
86952697-c00a-5863-8062-1e64672bda60,0,fit_and_sizing
2d8ac5e3-a82d-5c46-b2fd-d36956139fec,0,overall_wearability_and_value
164582bc-a1cf-55e8-b84b-a90f00092282,1,overall_wearability_and_value
fb8a574b-4503-507d-84c6-0fee87e18f9c,0,style_and_appearance
880bef6f-9bbf-5309-be75-ce017d1bb8d6,1,overall_wearability_and_value
7d351a7b-1f46-5f20-a127-63224f0e2e22,1,overall_wearability_and_value
a88cbd8e-49b1-5dbb-9010-a7b7727a2056,1,fit_and_sizing
90ad2880-f044-512f-88c0-142fc4b43b42,1,fit_and_sizing
5f768d30-b54c-5446-bd5a-36ae28614451,0,style_and_appearance
865e867f-4f34-5abd-bd8f-42aaae65e23f,1,fit_and_sizing
ff1624a5-5a84-5427-b83a-e9e7a1526b28,1,material_and_quality
12f8f815-cba3-547c-b9c8-082daf9c2de4,0,material_and_quality
4dd17367-ea75-5b8d-b9c0-e001128c7ad9,1,style_and_appearance
81998160-18b4-58ee-9833-8aaea85a48af,1,material_and_quality
dd1f74e3-86c0-58f7-b7f1-abac49ae4b69,0,fit_and_sizing
3eb6ce74-4f25-5554-8c44-590a4d6f4d5e,1,fit_and_sizing
a02c0770-4fed-5157-bd9e-f3a3bcff01d6,0,material_and_quality
a4d827bf-6f2d-5d22-95c4-67d70f06d29d,0,fit_and_sizing
534dbb58-9f31-5142-8bd8-af7615faaa02,0,style_and_appearance
693015d1-ba97-5f9f-9bee-65a4180b4986,0,style_and_appearance
4d2ee553-987f-52b7-a62b-7cb15cb9e47b,1,fit_and_sizing
8605c902-ccfd-54fd-9627-75fb96176a83,1,material_and_quality
3d76c351-1ef8-511e-ae58-df259c72011b,1,fit_and_sizing
ba06c02c-b6ec-5bff-93e7-898c201c8044,1,material_and_quality
65715249-72a6-5a1d-838e-2dbae83d34f7,0,material_and_quality
ca2e3bd9-e8c4-5b9d-a1b4-90eaefcf8201,0,style_and_appearance
b0a77b90-eccc-518e-8592-37bd63d9f865,1,style_and_appearance
94e09248-0c15-54d6-a72e-7e870798f0d0,1,style_and_appearance
bbb3c6e7-53d1-5683-9bf9-5332dde7e728,0,fit_and_sizing
0d3ebc3c-0694-5073-b91b-f096a3a4fe03,1,fit_and_sizing
18b4aded-2dfc-5393-8ee8-952dc10146c4,0,fit_and_sizing
c2af6776-776c-5980-9829-4bef4246470a,1,style_and_appearance
6a9ef359-c26e-5c30-828c-3107bd5eb546,1,overall_wearability_and_value
2a770772-b5bd-57ae-839a-5f16cb1962df,1,material_and_quality
1270f03e-5e95-5719-9613-bb199daa0c00,0,fit_and_sizing
1bdeee2a-06f1-50aa-962d-16f6938dfe77,1,fit_and_sizing
fe552e35-18ff-56a9-9ab0-5e6f20abde92,1,overall_wearability_and_value
6ea7a5ad-f8d4-594b-8318-1c1d656e4e3e,1,fit_and_sizing
03b8d57f-443d-599f-b833-de13f8996696,1,style_and_appearance
c53759e1-c37f-54f0-a0b6-85e4f4d234ff,1,fit_and_sizing
8ee0e781-5afe-5f05-92ad-0c74e99a79dc,0,fit_and_sizing
48145b72-41d1-5128-b7ef-271b5a7056a0,1,overall_wearability_and_value
1895e8b6-776c-5b42-bde0-78ee327fdace,0,material_and_quality
163df6a8-6e22-5c2a-baf8-8dbf0bf7768a,1,fit_and_sizing
d65af99f-f962-561b-b72f-445ba364d1e8,1,fit_and_sizing
38dd11a6-a51d-58b2-bc7e-a03e4e588195,1,fit_and_sizing
534fb2ee-4327-51df-a666-66aa90de0beb,0,fit_and_sizing
4ab5475e-9a11-5b9f-ba44-8cb42b177ef9,1,material_and_quality
768cff6b-d242-57fb-af20-33bcb19af574,1,fit_and_sizing
49ed9031-bb17-5f44-ac92-650f7bff3322,1,material_and_quality
b8973bfb-21d1-5cee-9fb2-2d6c486b0307,1,material_and_quality
4ab04edd-8e49-5e13-b434-dc7be67c1786,0,fit_and_sizing
47547847-3e04-5565-b21b-dac14ece422a,1,material_and_quality
c23be788-15c9-5c34-9b22-e3291fbbadaf,0,fit_and_sizing
57746efb-7849-55fa-8b31-d6d42d9c528e,0,material_and_quality
8f01a6a4-f9b0-5610-a143-f1c2a8f9dd85,0,style_and_appearance
dfc06b5a-6fc1-5084-bb2b-231dccd56dc0,0,fit_and_sizing
17448e6d-b592-5ca6-8953-5e06e7fd3c91,1,style_and_appearance
a13da118-e738-519c-8bd7-28f241079d37,1,fit_and_sizing
67626660-d9dc-5eda-a921-375699a276c1,1,overall_wearability_and_value
c654b806-3694-5608-947f-d98464fda786,1,style_and_appearance
3dfaa6cc-1a9b-50ff-a332-feb99167eb35,1,style_and_appearance
1496a23e-daf3-544e-b778-eb3cd0683566,0,fit_and_sizing
4b405208-7401-5e1b-82be-088437fbf0c7,0,overall_wearability_and_value
851d19fb-4945-5cd3-8cbb-e57c087e1d08,0,overall_wearability_and_value
53a305a5-e912-5492-a97b-46a50ff19f90,1,fit_and_sizing
516f468a-75eb-564a-aaa2-a0665015668b,1,fit_and_sizing
f2f6cdc7-cf28-5e3a-ba0c-3a0da07aa5a2,1,overall_wearability_and_value
6760c8a6-af64-54ae-a91c-f5f98f0f6052,1,fit_and_sizing
3c5130d5-1935-5639-aad7-3fd9778c9972,0,fit_and_sizing
65ad2808-7b3a-5e98-8462-55ce98e36705,0,style_and_appearance
ffd5ef1c-1f8f-5738-8332-0849520f7073,1,style_and_appearance
56cea60a-c20b-5ad5-8598-b10645266e7c,0,fit_and_sizing
6c9a826f-fcca-5790-b512-76cbb57f80af,1,overall_wearability_and_value
aa55f218-590d-56db-a374-bfe270ace76e,1,material_and_quality
9c5232c9-e8af-53be-a837-ebd939b4f6ad,1,overall_wearability_and_value
a01695d4-0887-549a-b4f8-4930316e07b4,1,fit_and_sizing
287beeb3-2514-5383-ba84-a7c9c3a0e476,1,fit_and_sizing
f7b71aa6-457d-5478-9b0a-0b5fd96a4405,0,style_and_appearance
f495db3b-050b-526f-a82b-53e0ed9c2511,1,fit_and_sizing
50173d45-3259-5ca4-98ff-ea358e54d3ae,0,fit_and_sizing
7dc18940-0f30-5e73-a348-d5e01f25cb10,1,fit_and_sizing
d12f8c19-aff5-5478-8e4d-170fb34eedab,0,fit_and_sizing
b46990b8-af2a-54d1-a376-cadddf8e636c,1,overall_wearability_and_value
89474e76-ef8d-542e-96f1-c474960b7389,1,overall_wearability_and_value
262ec189-12ea-55a0-93ae-8650cf5e2dde,1,fit_and_sizing
6dfa233e-40d8-54e5-a610-5235f1d11f3f,1,style_and_appearance
6447c2dc-f140-5c1c-a802-8f467b97f13f,1,material_and_quality
b800412b-06c7-57cb-a729-70f81a9f715d,1,material_and_quality
b836bfd2-ed88-5a54-9966-5645e3245aa1,1,fit_and_sizing
7659d6e2-c2ec-5230-8077-56b5b4db7a06,1,style_and_appearance
8d38d85f-709d-5581-9093-c0fa6be9cd0b,1,overall_wearability_and_value
971db9db-b4cc-545a-bb9a-a8dd897ed137,1,style_and_appearance
11cf1fed-bd04-52b6-b1d0-7434844a7880,1,fit_and_sizing
083f2f08-e5f8-54c0-841e-0c85d94577b3,1,style_and_appearance
93866485-68c4-5cf6-ad53-c08fa4b1fb2a,0,overall_wearability_and_value
479d8593-a95e-5b44-b179-7791da29ac14,0,overall_wearability_and_value
28ee54e6-d4f0-5ffa-bac4-14feb0ff5b6d,0,material_and_quality
789a38a8-3658-54df-824b-9c8b5d4640b8,1,overall_wearability_and_value
0254a403-a007-5fa2-bbf9-cc44450302a0,0,overall_wearability_and_value
f4b2b018-5aa1-5d5b-92da-4d00e578ff98,0,fit_and_sizing
73b1511f-e9c6-5358-ad79-137f678e4f52,0,fit_and_sizing
cd67e5a1-3809-5150-b4f1-60afa9eae1ed,1,fit_and_sizing
179030a2-7b85-54fa-ac23-6c88b76b4182,1,style_and_appearance
9b05750a-babe-5b5a-9f5e-f5d6ec5e62b6,0,style_and_appearance
7996dea3-4769-592e-b63c-a65377af1e01,0,fit_and_sizing
3d34d59a-bcb6-502b-b918-31954eda49ae,1,style_and_appearance
78d33d8d-3bdc-5163-9a0e-efc3cdc2ee0f,1,style_and_appearance
e62c6564-39e8-5ee7-b64b-6560ef4ce307,0,overall_wearability_and_value
7c7afe5d-d8f9-5d0e-aff3-f5e3d347903f,1,overall_wearability_and_value
4165e982-91c3-573f-883b-0bcf7b396954,1,overall_wearability_and_value
2dd6b515-c91c-594c-973e-fce59a11b15f,0,fit_and_sizing
b3164d90-5d61-5035-9cba-8fc7210f3c32,0,style_and_appearance
5f3665c0-4ab5-5221-a9ee-0155507b84ce,1,style_and_appearance
391c34aa-a0eb-5b5d-a27f-76791e59d8aa,0,fit_and_sizing
abe5cc0d-ee99-590e-9d34-41dcc5920b4d,1,material_and_quality
7456742c-db1c-5ec3-a470-d44ae2e90db2,0,fit_and_sizing
65effcf3-4587-53b3-b73a-bc57dab2668d,1,overall_wearability_and_value
cc5481b3-6a88-55bc-9f0f-5b0419a7d476,1,overall_wearability_and_value
1b7c85e6-81ae-59c3-8eba-60a10380cc13,0,fit_and_sizing
4358861b-0317-580c-9448-27b7e365ac20,1,overall_wearability_and_value
c667567a-dadb-5878-badc-2a939e7e8043,1,overall_wearability_and_value
ce6f74ee-7ff3-50ba-980b-5e7aebcfbccb,1,fit_and_sizing
ecc64c29-9e57-5128-96d7-6dbaa07d0439,1,overall_wearability_and_value
6002d9cf-2859-570e-86b1-e09dc178f9a7,1,fit_and_sizing
f0df033d-6710-517b-891e-5d7fd816091b,1,fit_and_sizing
d9eab677-f831-5642-9298-6ff7105b8c0d,1,overall_wearability_and_value
6a01875b-db39-514b-af7c-641c52d1a4ce,1,material_and_quality
7247fa7d-82c0-5e24-ab37-ae5fe6ab9635,0,material_and_quality
8f7feb36-7424-5352-aa73-6171635515e9,0,material_and_quality
e4b4404b-880c-5077-9313-f402b816b2e0,1,fit_and_sizing
3bd9e878-556b-57b6-91e4-66520b190165,0,fit_and_sizing
3a7243b8-cb2f-5000-abc3-27f84b01526f,1,overall_wearability_and_value
0e6b7eb5-f4cb-5221-b4f0-3f2162c6af39,0,material_and_quality
afc97788-9da6-515b-8b6c-a60bf6c74192,1,overall_wearability_and_value
4a0e080a-6aef-5c54-b3fd-7a2c6cf94126,1,fit_and_sizing
87371556-73cc-5fdd-9d9d-3284bee80619,1,style_and_appearance
75697db1-39e5-5399-91f0-d55743ebcb13,1,overall_wearability_and_value
4fe2c6db-678c-5124-8aa9-b782c8585e2e,0,overall_wearability_and_value
05bf46b3-d145-5f13-a11f-18164d1e7c9b,0,style_and_appearance
c932ca01-3347-59e2-a936-894a8db812c7,0,fit_and_sizing
bb94745b-df1f-57da-b288-45c9d1f6295c,0,fit_and_sizing
33fe2aa4-8698-5616-b168-ee163b4b9cc1,0,fit_and_sizing
345edc35-4c24-584f-aa2b-c6d9cec70578,1,style_and_appearance
6fa978f5-f896-595d-8040-a0dd021553f1,0,overall_wearability_and_value
d288914a-27d4-53a0-9a87-b85f97a0c67c,0,style_and_appearance
f5ab2e0b-a29b-5e22-9399-1640bfba4dae,1,material_and_quality
db844eff-12f9-50b3-b921-7262d44982ab,0,fit_and_sizing
3c9783fd-a1c0-5caf-a244-b2f82397b2a2,0,fit_and_sizing
196f352a-e170-5fe0-af92-bedd9462a789,1,fit_and_sizing
5bca1559-b1b7-5373-814b-d639e78b5d88,0,fit_and_sizing
6c47d446-3315-5f9a-87bf-9930129187e2,0,fit_and_sizing
7086d094-b271-5d0a-a712-b1988d0781c0,1,fit_and_sizing
7a1c91c5-38de-5edf-aa5e-99abedafb9fb,0,fit_and_sizing
9f8e90e8-1023-51c5-9f7f-3acb8fe2f2fd,1,fit_and_sizing
63701d0a-37cb-5d04-b7ca-55c7a0d66c10,0,style_and_appearance
042eddf7-beb9-5ae3-bc3b-264ca2427ffc,1,fit_and_sizing
40fc63ba-354e-5082-9e39-1dd4334799f5,1,material_and_quality
8d8be436-c637-5da6-b80c-f4912b9e0707,0,style_and_appearance
55adb9bc-842a-5199-9ec0-14b92d54a83c,0,material_and_quality
6c3bd312-ceb1-55a7-b179-b09e555d7ac7,1,material_and_quality
11e03d56-c2cd-5efc-b0e1-8ea29a200282,0,material_and_quality
74e42c41-40d7-5d4e-9ff5-105d5d025f52,1,material_and_quality
3d40b48c-a1cc-5782-976d-a8e30868cd86,1,fit_and_sizing
09a75a47-bbd2-5a70-914f-4e61726922fb,1,overall_wearability_and_value
4316442f-d957-5d5d-9d4c-cd8546a92c8c,1,fit_and_sizing
275dbb12-7f52-594b-832d-9251275c8df0,1,fit_and_sizing
d77d87d6-f395-53c4-bc66-623616f5b000,0,overall_wearability_and_value
c022664f-ffec-5af7-af0e-1d79825639fa,1,overall_wearability_and_value
a941912d-24a4-5d8a-b8d9-3ecc9a1242a3,1,style_and_appearance
479973cb-80a7-58aa-b474-892be5ffd51a,0,fit_and_sizing
4616be4c-3df6-5bfd-8950-0598ca7c9fba,1,fit_and_sizing
aa1f2ff2-8d5c-5c53-80d4-440c8a8e173c,0,fit_and_sizing
795cbfc2-6a1f-5ec1-b3a6-2fbf908a453c,0,fit_and_sizing
b2ce03f3-fde4-5ebb-8c87-1fe055232cb9,1,material_and_quality
a3dfe20e-151e-5b2b-bf4a-01a2565729bb,1,overall_wearability_and_value
f590e2e0-a0a5-5980-9935-5035aaf8f8f4,1,fit_and_sizing
7f336844-7f04-5489-9582-a4e25c69cf44,1,fit_and_sizing
b32b0c58-a19b-5631-8f5e-98bca3c373de,1,material_and_quality
d643c257-5979-5fdb-b907-82dba9776864,0,style_and_appearance
8d6f456a-6a6a-5425-a426-a06376b87762,1,material_and_quality
8fc7863e-0d4d-5da7-8cdc-7d459a3398b5,1,style_and_appearance
7aeb480a-5648-5ed7-9e35-ef9606e05048,0,fit_and_sizing
927462bc-f789-5db1-bd6a-a7a6f40b7af1,0,fit_and_sizing
e27b0c1c-acbf-50a3-91b8-6836bc93a6f3,1,material_and_quality
f141b0b1-e520-5394-b449-ea479d8bd331,1,fit_and_sizing
72daeda0-f68f-5700-a6e7-d9a3d70ef407,1,overall_wearability_and_value
da63fa14-80a2-5672-b718-95051cb3b16c,1,material_and_quality
c5c3f1cb-283e-58c9-9227-c55fa9be8163,0,style_and_appearance
33c39dca-7507-5bb1-99ab-db7962ed70c0,1,overall_wearability_and_value
67f9174c-8d81-5a5f-a86b-f433aadf711c,0,overall_wearability_and_value
f5ee27da-d69d-5e3b-9339-0636e87c8d6e,1,overall_wearability_and_value
8b58978f-20cc-5966-bd53-8064a8433bc9,0,fit_and_sizing
f24ae113-cd55-5d76-86b6-061489116c12,1,overall_wearability_and_value
8bc77055-f1ba-53d2-ab47-7d0e88f23990,1,overall_wearability_and_value
73a61e81-bcbf-5cc1-b136-eff71d81b533,1,fit_and_sizing
1f194d9c-a410-5856-857e-b82138c6fee2,1,fit_and_sizing
36d8019f-f8cc-5efe-92b6-e14121c9fa61,1,style_and_appearance
98c520bd-b20f-50b7-8be0-d3069dae9b4f,1,overall_wearability_and_value
4040e486-10da-5a7e-9d19-8191b719d1a2,1,fit_and_sizing
07d65fde-e065-5378-8e14-19b41aa13142,1,fit_and_sizing
2ae02c0f-04cf-5fc9-88d7-a61a12bc07af,0,fit_and_sizing
50ce95c1-4514-5faf-b7d5-dffc21a4491d,1,fit_and_sizing
88236864-9660-5f73-b04f-47be519be186,1,fit_and_sizing
2a9c9807-8d3a-50eb-8975-79fecc00eebd,1,fit_and_sizing
35e4179b-8a5f-5444-a9fd-a12c43fa7e9e,0,style_and_appearance
701e0982-a503-5e1a-9dc0-a026ee6b5573,0,material_and_quality
4196030a-c22e-59e8-ac65-4f7269f37132,1,style_and_appearance
5d234feb-9219-5114-8f10-39cb92ee1bf8,1,fit_and_sizing
e7f1ab4b-a84c-54e4-bdae-b81184d1108e,1,overall_wearability_and_value
33845e06-9fcb-5354-b3c2-585c2f434045,0,fit_and_sizing
b8c1e68a-ec8b-5c1a-860c-8ada15c0c4a8,1,style_and_appearance
d3af8b68-81ee-56cb-94b1-64d5ce7b1260,0,overall_wearability_and_value
18459868-af43-5eca-87a9-bc96b7fc7091,0,fit_and_sizing
c8a8e300-58f8-564d-ac7d-bdf70e1c47ce,0,overall_wearability_and_value
ebf67a00-3812-5a6d-b885-de8ff6ac4e44,1,overall_wearability_and_value
af5a4f3e-0053-5caf-9dee-4fa4464ca263,1,fit_and_sizing
c77f9c81-4239-5849-902b-289f77401ddb,0,fit_and_sizing
bf287890-4699-5447-ba92-0f372033cd5b,0,fit_and_sizing
c09410cf-00f0-540c-8a4d-8d9713824d83,1,fit_and_sizing
120d442a-c57a-50fa-b849-92d9a51d1343,1,material_and_quality
e59093b2-4bdf-502a-97e7-404321471ed6,0,fit_and_sizing
8f27d703-7612-51ee-97c0-783d4ca660cf,0,fit_and_sizing
68d7e97f-4a3e-5b45-af5a-1c1237985637,1,style_and_appearance
b4bfe290-83bf-5249-9fbb-dc585cc4e819,1,fit_and_sizing
e3e729c0-f0e2-53e2-bf98-db6f683e0450,0,style_and_appearance
cf718466-8e90-5057-a154-294655afa48f,0,fit_and_sizing
a9eb9cfe-a0fc-5c8a-8265-0a1c2ebe7fc5,1,overall_wearability_and_value
cfaeb6bd-8b15-596b-9d83-a85faa07d4c6,0,fit_and_sizing
cc6adb3c-0f4f-5665-a93c-81828ce1b2e8,0,overall_wearability_and_value
dc7850ea-fa65-52d4-be17-2d78fc9f669e,0,style_and_appearance
c942c066-f781-5863-857f-a2ea030598e9,1,material_and_quality
5d759e92-572d-5749-99ca-bd0679293b51,1,material_and_quality
0bfa9f12-f55f-5ee8-9c74-4926d68efb54,1,material_and_quality
4323afa8-db93-57f9-858f-413c3da6c9dd,1,material_and_quality
29864127-1cd2-51fa-ab7f-32533bbe6934,0,overall_wearability_and_value
53dbf948-6381-51e5-9e28-a7e7894f026f,1,style_and_appearance
144fc622-d0d9-5c40-8336-03ffbf6b569b,1,fit_and_sizing
eee9b0d4-ac95-5ed7-8625-f18a5a41793d,0,fit_and_sizing
03dd3835-1644-599b-a13b-7db4bb949869,1,fit_and_sizing
31f339f8-9b9a-5d18-9e12-dc0e03a87125,0,material_and_quality
063c04ee-e229-5398-b202-00aa8effdcc6,1,fit_and_sizing
27a2c08f-3efe-50cd-b6f4-3e31965fa39b,1,fit_and_sizing
0aa28a19-e5a3-5c7f-a1e4-24522f762e61,1,overall_wearability_and_value
66823af5-57fd-5d35-9483-f026e64c188f,0,fit_and_sizing
a2c9a2e2-d991-55d2-9123-9d1a46dbe3bb,0,fit_and_sizing
f2a4c17f-60c1-5644-bc18-7f326bbf3a3b,1,fit_and_sizing
f75112d2-d241-53b4-83f9-5b880dad829c,0,style_and_appearance
d050b80b-8949-5da1-93dd-d3e8dd677508,1,overall_wearability_and_value
a8fbbe85-a294-5887-9e0b-abaa491946a7,1,fit_and_sizing
8ac594ba-9ff1-5c3d-92c8-66da034d9a38,0,fit_and_sizing
500c7393-879b-53bb-b264-3451e2871f05,1,overall_wearability_and_value
55529160-29eb-56ff-a137-f44379eb14b6,1,fit_and_sizing
3e6f945f-9218-59a9-87c8-730dcbbb49c7,0,fit_and_sizing
517276a4-f191-544a-b5d1-ce8aa8ee309d,1,overall_wearability_and_value
dfab6e15-73c5-5291-9411-3791aad497ec,1,style_and_appearance
3d418457-aa8c-56d6-a743-ac3a591e89a6,0,material_and_quality
a735a48f-a855-527b-9afc-dc919961d271,0,material_and_quality
834933ec-0cb0-5866-9e6a-4f435a7501e4,1,overall_wearability_and_value
b43636a7-54bb-557b-b309-1af4af75e590,0,fit_and_sizing
fda6f392-846a-5fe3-8a2e-b56d5221c171,1,fit_and_sizing
c570e6af-823e-5685-9925-930477b6689b,0,fit_and_sizing
db38c348-9a25-5685-8315-dcee7a89490e,0,fit_and_sizing
0a158f36-8dd9-5281-99c8-689afa85b6fb,1,overall_wearability_and_value
580c8c7f-4da0-56b3-ab96-ccde3656176c,1,fit_and_sizing
bec5855c-504a-55c0-8b94-abfca1ad1d94,1,fit_and_sizing
67f5fe5c-347d-55f4-b8ad-8f66e24d5c0c,1,fit_and_sizing
9c768ba2-b414-5f2e-a210-899ac6573a43,1,material_and_quality
85f7af9c-04a0-5f09-a7ad-0b6e26925dad,0,fit_and_sizing
65c69b26-f22d-5c46-a93a-97c79a3894f2,1,material_and_quality
06ff9b5f-e4a1-5f9c-abd7-44a8f857da68,1,fit_and_sizing
c79338aa-0c66-57b5-8743-10d51978c490,0,fit_and_sizing
d306091e-e3ef-5253-a94a-8fa62c0a9189,1,fit_and_sizing
ecba7698-57bb-50e8-9167-a8fff997b825,1,fit_and_sizing
bee7d367-af7c-5b39-82bb-6a7d8949c1b9,0,fit_and_sizing
51df823b-1baa-5959-894a-7fa13a5688a4,1,fit_and_sizing
80ff0bd4-283f-56ab-9e37-ea6a206720f5,0,fit_and_sizing
f4d66453-d24a-56c2-ac41-e3e331242e0e,0,material_and_quality
a92dc3cc-144d-55e2-ab0d-ce672bda7c2b,1,overall_wearability_and_value
d1458e29-4d66-559d-bb98-0f6069868928,1,material_and_quality
96038724-655f-53c5-ade0-901251e9533a,1,fit_and_sizing
7caf292a-f127-5e22-8c88-23222c2e6c83,0,overall_wearability_and_value
6fe8894f-88f2-588b-9f5d-ac5f2b7e82fa,1,style_and_appearance
0f4f96e3-959e-5a81-8700-9c27c38aa946,0,fit_and_sizing
a12d1a6f-d1e7-50a1-94e0-92d9a5b29b47,0,overall_wearability_and_value
3bdf0ba9-14e9-5d0f-a8f2-7b9836bd4363,1,material_and_quality
84251bee-6c9e-5722-9b46-d4d030a53292,1,material_and_quality
7a3a9e21-a5de-5bac-9ba6-913a1d089657,0,overall_wearability_and_value
39d8a6f3-fff9-52a3-a583-d0512b748d38,1,fit_and_sizing
07e4c14a-fb61-55ef-80de-dea458aa9ade,1,fit_and_sizing
c14f0115-c00a-566f-9f5d-764157aa63bf,0,fit_and_sizing
e21eea44-aeb5-5445-9afc-49370f1ff317,1,style_and_appearance
f7f0edfb-4699-5952-9df4-3a4ccb9d88d8,1,fit_and_sizing
6b71ad43-3540-55a3-a9f3-18d4ecaef221,0,fit_and_sizing
a6fcb556-8c6a-5de3-8c0b-f9feac6cd61d,0,fit_and_sizing
34f0e2a3-6b94-53ab-8a78-ab14b5748c28,0,overall_wearability_and_value
add34769-fee6-599a-a3ea-7c6f7427035d,1,style_and_appearance
de4dfb1b-946d-5f7d-8f20-635d92f0c684,0,fit_and_sizing
2e510c3a-0f05-51b0-9b22-83bf005cd31d,0,material_and_quality
67c1cc02-dc1f-5da4-af49-93af75ca4b3c,0,material_and_quality
e9fafa05-c4ad-58f7-9da2-26c9bcd2148c,1,style_and_appearance
b383207e-db59-512f-b40b-30917f42cc6a,0,style_and_appearance
c86a0a93-2345-5728-8591-d99115e59054,1,style_and_appearance
99b3cc49-c65a-573a-a045-ba27fedee8b0,1,fit_and_sizing
a08a08dc-0388-5a4d-a148-e82d64afcbdd,1,fit_and_sizing
6a9c77d7-c500-5de5-ad00-f7099f0b3287,1,material_and_quality
3e1f1a6b-a132-5120-b4f4-2ece27741295,1,fit_and_sizing
5e31a7b4-e456-52dd-8649-e7c32d183514,1,fit_and_sizing
f85e6d5f-88f5-58d7-899d-bc8df5646f2d,0,fit_and_sizing
9d5decfd-3fbc-5526-9fce-f3d2a710fe00,1,fit_and_sizing
15f077b4-7614-50ef-94de-9f88434cfe1f,1,fit_and_sizing
534fa6b6-b5ff-50b4-b64f-efb4cf9a1dd2,1,fit_and_sizing
a660f24a-e499-53a3-aa64-0a70035977e7,0,style_and_appearance
c2774cdb-49a0-530b-a2d5-92ad0973d453,0,fit_and_sizing
b467b711-8623-5de9-9c03-976c35f7c25e,0,material_and_quality
0be7a3ce-0422-50e3-b08e-d5a7a3753fa0,1,style_and_appearance
a3e0d275-a373-5c2e-8a0a-8aa81b916cba,1,material_and_quality
3eb51418-28c6-524d-9b1d-2faad416feb2,0,fit_and_sizing
19be1069-a018-556c-92d2-b55ba217d9d0,0,fit_and_sizing
fb23c86d-01b4-5e9f-a391-5a5088b5f058,0,fit_and_sizing
84d48a92-da0e-5e7e-b6a8-01f263538759,0,fit_and_sizing
de47cda6-a1b3-5fac-9c38-8c11fd1a955d,1,overall_wearability_and_value
c607b98e-b5f1-53c7-a753-75fde57f2d3a,1,fit_and_sizing
b852711c-9bd3-5920-aaa2-a41f78faa5b0,0,fit_and_sizing
e0038056-5aa3-5641-8583-0847274a3c20,0,fit_and_sizing
97553f03-11b9-571e-9f80-8c10b2c8435f,0,material_and_quality
f9b3f3b6-971e-50d2-8fbb-737abd578a66,1,overall_wearability_and_value
419010bf-f70a-5962-8cdd-70fa62a83b72,0,fit_and_sizing
bdae62ae-5754-5e78-9a4f-130131e9cc71,1,fit_and_sizing
06962d3c-7c04-5f1c-8197-b61d7bc2651a,0,fit_and_sizing
e5270f5e-bc46-5618-8312-0fd1c2f2bac0,0,style_and_appearance
3045df12-8d15-59cf-a7c8-988a96f0a193,0,fit_and_sizing
e6dda3c8-e437-5afa-bee6-43de1992acdb,1,style_and_appearance
b5f0680f-c994-5a64-b7df-093e16db7003,0,style_and_appearance
807d3838-8e44-5dbf-9832-777e8c407cd6,0,overall_wearability_and_value
fec5a37d-8c5a-5c8e-a7a1-9ac6aa28f8f6,1,fit_and_sizing
b845063c-4880-5591-b2f8-19600eaf55e5,0,material_and_quality
9a38d8ef-d5ba-5d02-b804-fbea147e4a6b,0,fit_and_sizing
1c6ecf45-45c0-5214-839a-5de478956c04,0,fit_and_sizing
0b8debcf-232f-5304-ae56-6322454d37d4,1,overall_wearability_and_value
1ef52ffe-7a32-5cf5-8974-2b14d06ef349,1,style_and_appearance
34514f2c-b5e5-5d4e-bc47-79f1e42ed071,1,style_and_appearance
3fa3c498-e455-5bba-97e7-dda0f2670fb6,1,overall_wearability_and_value
38d67229-e885-5f49-98fa-af1b4831d49b,1,material_and_quality
5b0a4fc6-5454-59d8-b391-0da8c78a2dcb,0,overall_wearability_and_value
1d088667-5747-573d-8440-ffca8d96a822,1,fit_and_sizing
89344b8d-641a-5237-8b78-4dde7a0b7f46,1,overall_wearability_and_value
b14f3906-69f0-5294-b7af-a69c7dd87567,0,material_and_quality
78beec2c-6b37-5224-a415-d12389f7f7e2,0,material_and_quality
747999ae-4f75-5fec-b8e3-d0a36fd53606,1,style_and_appearance
2efbe1ee-bb16-50d5-9343-f01567ef92cc,0,fit_and_sizing
04d4a820-bfa4-5e56-a0d2-558f04c91fff,1,fit_and_sizing
c71ca4ee-054e-5825-97e9-021d1fd0faae,0,fit_and_sizing
03051af0-3323-5a71-a003-3806a8bfda51,1,style_and_appearance
fbfe529e-108a-5211-a710-1eeb03f82cd0,0,fit_and_sizing
142e1f91-3d1a-5f7c-a410-ca2c5f24be08,1,fit_and_sizing
dfebc666-6b98-55c8-8328-159f47905319,1,overall_wearability_and_value
67b7bf61-f1e9-5bdb-bc5e-8e53ad568229,0,style_and_appearance
e9a2f307-b6a8-55da-96d1-b9b27f3274f3,1,material_and_quality
1130008a-4395-573d-878a-f94c16a8bb5a,1,fit_and_sizing
4a6a293f-a1fe-5e37-84a1-02ce87670ce2,0,fit_and_sizing
049d86ce-98c5-55a0-a04c-caab18019a59,0,fit_and_sizing
f99bea11-1502-59c6-a45e-99a92ca5c00a,0,fit_and_sizing
1665bca6-5193-57a0-9f6c-bb4b7c5a88db,1,material_and_quality
ca6538d1-9d3c-59e7-b6e4-3347da6af2bb,1,material_and_quality
a52f8e94-549e-5ebb-8417-e394d692f33e,0,overall_wearability_and_value
0536db20-a232-563a-88b9-de3486010a35,1,style_and_appearance
f2647f21-1ed2-5716-af1d-bdf254d2f97b,0,style_and_appearance
27e8a75b-4540-58c7-931a-985fcf7d9a3f,1,overall_wearability_and_value
3fc169a5-b22a-516e-8bd6-6c8827da1a08,0,fit_and_sizing
53a5998d-255a-5e62-8344-aa4a2c17bf76,1,overall_wearability_and_value
24e18ab7-c297-58a4-8dff-6c4a7c3eeeef,1,style_and_appearance
30a8be9d-54df-5c15-999c-62c834f84a70,1,fit_and_sizing
564858da-e653-56fc-8223-eec4cf037a7a,1,fit_and_sizing
9b75e502-4338-5961-b291-bf5247fbf3a1,1,material_and_quality
f8971b7f-a126-5714-b28d-f7ddf20fea19,0,fit_and_sizing
845210a7-c65a-522c-81ed-c3aa0c54ce0c,0,fit_and_sizing
22921de9-6cff-5e31-9e5f-056eea4bdb01,1,fit_and_sizing
1b3db366-34c2-5795-8846-697530337beb,1,style_and_appearance
67b39fa4-e16c-56a3-865d-471292e6dd13,0,fit_and_sizing
8f2501e4-132e-57e8-9d7b-731604d52cfa,1,style_and_appearance
5d1eadc7-6eeb-5dd6-b5cb-fb3bf3950f6d,1,overall_wearability_and_value
6972014a-a04e-5f79-835e-e0c11fa9db3c,0,overall_wearability_and_value
c3831404-62e5-58f8-bf06-7702add380eb,1,overall_wearability_and_value
f0209798-6912-53fc-8cb7-c35ea44dc163,1,overall_wearability_and_value
b8f1ba08-d0d2-5230-8ef2-9f9ccb447205,1,material_and_quality
f5334726-c885-511d-b63a-37a1fd588658,1,fit_and_sizing
04060a95-3b80-51b1-83e0-c2ca2cec4c59,0,overall_wearability_and_value
e05a9c6f-3bb3-5c5c-9e2c-066fcb56037a,1,overall_wearability_and_value
593b02fe-8855-5d24-9e66-dc802349edd5,1,overall_wearability_and_value
89522571-3fb3-57bb-b6e8-e3a62ef47b78,1,overall_wearability_and_value
b7e4c6b8-7914-51ce-a662-c53e59af4c7f,1,style_and_appearance
3b7edbc8-b6af-5ee7-b53b-340f845e10cd,1,fit_and_sizing
1959a1d4-6552-5665-8384-86b6ef2bc4fc,1,material_and_quality
43e68d51-075b-51d5-9a35-735a6b193622,1,material_and_quality
fc26441f-8e06-5573-919e-10c8a5f0faec,1,material_and_quality
948c7aae-7229-59d9-a59b-9e76f340c77e,1,fit_and_sizing
42cd7b8c-fe1f-5c02-b77b-bf9372b6708f,1,style_and_appearance
31adccc2-21fb-5ffb-9a21-a14b9108d3b4,0,overall_wearability_and_value
0978101a-41bc-562a-96bc-6b777c3c2907,1,material_and_quality
b567ebc6-656b-5fea-833b-5c842a4cfb52,1,overall_wearability_and_value
8c67a778-0908-57dd-9e45-1423811f0274,1,style_and_appearance
b86948c0-939b-5645-880e-0b961649b8c7,1,fit_and_sizing
f8ce8cf1-7ef0-5c48-ba5f-7e73ec058af7,1,overall_wearability_and_value
ee8c5271-047a-5b9b-a82d-b6eebd43fc68,1,style_and_appearance
bda5649e-0146-5767-84e3-097cf141c9cf,1,fit_and_sizing
4b101f1d-7b29-5757-b776-9ab727798390,1,overall_wearability_and_value
ab58ffbd-6859-5be5-8f76-815626fd0f0a,0,fit_and_sizing
9c550410-fa6d-592e-8b9e-71948456396d,0,overall_wearability_and_value
e12517c0-371f-5614-a7c6-e815df297784,1,style_and_appearance
dee83cae-16d9-58a2-9086-c06481539914,1,overall_wearability_and_value
9daa3c4b-69a1-5d0e-bd0d-37ce9e96a4a2,0,style_and_appearance
fa133329-5039-56ee-8642-21882f1217b9,1,fit_and_sizing
b4bb3bf6-48a3-5d59-8c32-90ab7e849809,0,material_and_quality
6efded49-19e5-50a5-ad96-6b9c7bbc17df,0,material_and_quality
a5a89fa7-1608-59bd-8d6a-90db64aa230f,0,fit_and_sizing
61492707-27b4-5c32-9d4b-0bc6162d3a82,0,material_and_quality
b7c15459-01c2-5ecf-9cbf-bd1419629359,1,overall_wearability_and_value
16c2a0c5-23df-570c-ae92-5683583639e7,0,fit_and_sizing
b63e381c-b27e-525f-a279-5b1898b6509a,1,fit_and_sizing
ec07d601-1f74-5561-b35b-a87f7c947896,1,material_and_quality
a837f6ed-0287-51b2-99e5-e3f03a0f2bc8,1,fit_and_sizing
fc727031-0af7-511b-b1f2-54afbef2fdf5,1,material_and_quality
73c64cec-7ecb-580a-b9e9-65cd4d86baa5,0,fit_and_sizing
271a2270-e7f1-5930-9866-86a80d79dd66,0,overall_wearability_and_value
7ed22f23-253f-5102-9ff9-85a79287265e,0,material_and_quality
0afc5524-5d13-58b4-a2af-70ddcb85846b,0,fit_and_sizing
fbeb186f-d70d-5439-b53d-2e33fb274551,0,material_and_quality
179e3ffc-37c1-5b30-9539-a7cb4f1886ac,1,material_and_quality
19b702c1-8206-5162-b5d3-1f609c22328f,0,fit_and_sizing
27dbb640-3af5-5ab6-8325-bd78a49e0217,1,fit_and_sizing
1f0c9177-5769-5b2a-9e23-800166aff76b,1,overall_wearability_and_value
001f1051-cd1c-5f14-a234-5a7768d16dbd,1,fit_and_sizing
affec0cc-5a40-59ca-8762-2d6a2fd26590,0,style_and_appearance
410f684b-d7ff-5336-b3f5-951fb4194f52,1,style_and_appearance
fd2990b6-f2cb-5681-8ba1-9d401bc30778,1,fit_and_sizing
8e41b818-9fbd-582f-8852-a0bfba773c09,1,material_and_quality
8b3356c2-b6e2-518f-a376-60a861536c05,1,material_and_quality
e6ee89db-a09a-5faa-bea8-ee97cd09a80f,0,fit_and_sizing
4f5e6f1c-493e-5147-9815-4b60a5955c6c,0,style_and_appearance
8a3616b9-bbe0-5006-b24e-eaa9c3ef6403,1,overall_wearability_and_value
bd5b61c1-577b-552c-853d-d1cd10ff8376,0,fit_and_sizing
370d8c5a-22e6-5616-93dd-91debadb4001,1,fit_and_sizing
33b25ad4-8274-56d2-8d61-f485b307d580,1,fit_and_sizing
686545e4-ac66-53ba-8839-4ba352deb2cd,1,material_and_quality
77e0e5e3-fd7f-5339-a8bf-3bac97e4c41e,0,fit_and_sizing
e4dd8080-2961-5794-831d-9ccf84fcd2d6,0,style_and_appearance
fcb3a6f8-134f-51b0-a28b-964a30bd20c6,1,fit_and_sizing
61c31f21-818d-5827-b79b-c052fbe53026,1,material_and_quality
4a318a1c-454e-59e2-85ef-bb570a42a67f,0,style_and_appearance
970ef1ef-2950-5e46-b11b-329dc878d2a8,0,style_and_appearance
52b447cb-02ea-53ab-ab0e-d8b3cfd34f59,0,fit_and_sizing
9b1ed80e-5f1d-5e4d-b6f3-f3133a8fde9a,1,fit_and_sizing
29a942c1-167b-5e32-bf2b-fcb0c5ce9bc6,1,fit_and_sizing
b9848046-9f7e-597e-ba2a-3a6371d2d5bb,0,overall_wearability_and_value
21773223-fc86-5531-8eed-d857570aba32,0,fit_and_sizing
2156e9fc-df6f-5bb9-8644-bf86f29b67bc,1,style_and_appearance
81bcb27f-4788-59d2-8105-bd6aeac4f147,0,fit_and_sizing
f686e1eb-bc88-5850-a88b-5eede87e0f0d,1,material_and_quality
9047e245-1840-5d9c-8e4f-2eac004af6b4,0,fit_and_sizing
7e70bfff-3739-5419-b3b4-28c41de2de4c,1,material_and_quality
1dea04b6-5155-5ff0-8826-829479d830ce,1,fit_and_sizing
86cc6816-00eb-537d-9734-bb4ce2f14b31,0,fit_and_sizing
e59afff6-2bdf-571d-b915-2946eb856eec,0,fit_and_sizing
00cb1a40-873c-5d4e-9575-3514ff670ce0,1,fit_and_sizing
f0562b82-f78e-56c5-99d0-c1f4992fbb29,1,overall_wearability_and_value
6076c6eb-4f90-5137-b7de-32dbd124288d,1,style_and_appearance
7d451174-8c55-598e-9661-51b5719bd25e,1,style_and_appearance
322c2633-9b81-53f3-966f-e30a16b34911,0,style_and_appearance
4372fa54-8a32-585b-b4d4-d052b40afa89,1,material_and_quality
01ab542a-9317-521d-9f7d-7655c7d37121,1,fit_and_sizing
18658c5f-5695-571c-a2a6-f419d31bf705,0,fit_and_sizing
09a11322-4ef3-50cf-9e6b-29ef60c0e4a4,0,overall_wearability_and_value
bd0b3262-7f10-50b6-be7c-0af19d7a925c,0,style_and_appearance
37f83dfc-2365-5d1b-a7cd-a7dc3be859b6,1,fit_and_sizing
4ed641fe-884a-56c1-85c6-cdcac43fb5ff,1,fit_and_sizing
39ce0701-f26b-5732-83d5-193ba9c01e16,1,overall_wearability_and_value
cbee79d2-edc6-5501-bd4c-e397a9050506,1,overall_wearability_and_value
d1e08079-d93c-54c1-bb1e-54e13c4401c8,1,material_and_quality
ac7c771c-1748-51ab-aba5-9fff613c35ea,0,style_and_appearance
e4e09871-a203-588b-9caa-accad6ea074e,1,overall_wearability_and_value
a3d5170e-d721-54ab-9808-e8dfeb6f59f2,1,overall_wearability_and_value
cba9d2de-784b-5da0-9a70-d04d5e1e6da5,0,fit_and_sizing
33550235-90c9-57d4-8b7e-3822a04058c7,0,style_and_appearance
f7299195-3e9b-5f8e-97a3-e5683d472d4f,0,style_and_appearance
4da164e5-9edc-557a-b515-eed5368af23d,1,style_and_appearance
18b07e01-942e-5469-9629-9034ab55420a,1,fit_and_sizing
4f508337-02cc-51dd-bb70-1fc1837e1354,0,fit_and_sizing
8193ba9b-9e4b-5448-ba36-66bfd938316d,1,overall_wearability_and_value
a503a06c-1fbf-5efa-82ee-4b007bffbba5,0,material_and_quality
ac6b900d-f499-5326-b826-ff75518900cb,0,material_and_quality
37d9ae6f-fe03-5324-8f46-21150eda8e40,1,style_and_appearance
e2b61561-a075-52f1-8414-f83755f80548,0,fit_and_sizing
7710e411-f470-5e61-912a-e58ccaedac27,0,fit_and_sizing
616495dd-8a59-56f5-a63c-1bd0e3bcb564,0,fit_and_sizing
d7663cc2-4c30-5c23-9a44-7ab1e6a21f8f,1,fit_and_sizing
ee8c534e-6717-5229-850a-2471fb1bba69,1,overall_wearability_and_value
ada7ee8b-3d45-5b29-9965-373346f36d88,1,overall_wearability_and_value
22b99c1e-708d-5c0e-9761-ecb2b7402f5b,1,overall_wearability_and_value
d527c503-b337-5c89-ac58-f6a0952cb18d,1,fit_and_sizing
b6a18c31-9913-59ff-88f1-a290a272816a,1,material_and_quality
ae78af5f-453f-5b04-8f8a-736a9eac5cab,0,fit_and_sizing
ee1e1594-80ce-5f20-b136-12f9087c80a7,1,overall_wearability_and_value
581c884f-9b3e-53f8-9c0b-843e98d1941b,0,fit_and_sizing
832f4fd6-28cd-5bd6-a307-4997ba89243a,0,style_and_appearance
8a668ec0-f38b-5cec-8779-fef9494befc3,1,overall_wearability_and_value
26dc04e0-f579-5083-84b5-fba83ac13fb4,0,material_and_quality
f3f459bb-412a-53d1-8d44-a909159e61a5,1,style_and_appearance
56935cce-2cc2-5077-9776-dbce34fe0921,1,fit_and_sizing
620eb0be-8b4d-5314-b20d-c02410fc1079,1,fit_and_sizing
b4d9e57f-611a-5edd-8ab6-f41bc30f3ece,1,fit_and_sizing
33600bd9-e16a-54bb-b0c6-99d8945c4906,1,overall_wearability_and_value
1208b7cc-4fb7-5d4f-896b-241d4e023b6e,1,fit_and_sizing
35f66078-069e-5840-abb9-e17ba14fb100,1,fit_and_sizing
a96df550-89f2-587d-b752-dfb0be4bd2fd,0,overall_wearability_and_value
55b6d0d8-5ed1-591e-a8de-b79e30fe4ffa,1,fit_and_sizing
9e064f50-11c0-5adc-a524-1614a739a474,0,fit_and_sizing
116adad2-e03d-517e-9426-b8e786116752,0,style_and_appearance
fa8c80ff-a45b-592f-9e7f-fa49c795c127,1,overall_wearability_and_value
9f162187-81e6-5e40-85fa-04f909d176e8,0,fit_and_sizing
c2c59b07-494a-5ec4-bea2-4372e0e5eaa9,0,fit_and_sizing
a321a536-4a82-54c7-b692-22b9edaaf625,1,style_and_appearance
dc2411ef-7988-598c-a4bd-5cfebe174fad,1,style_and_appearance
a94bcf11-cc01-5927-860e-6fbf1469bfc8,0,fit_and_sizing
b7374b43-4691-596d-b232-dc1f865203ef,0,fit_and_sizing
44353804-b1aa-54bd-aba0-d3ce74bcc8a1,0,style_and_appearance
4acc7831-d7b1-5701-923f-a3621c516d07,0,fit_and_sizing
02e175bb-d1a4-5537-85bc-a777a84f2207,0,style_and_appearance
a5114dcc-3f8e-5785-bf8e-eebffb89a4f7,0,style_and_appearance
bd20029d-921e-5ad4-840e-762834de05d1,0,fit_and_sizing
8ba83c74-0266-580f-9d15-e9bda598f281,0,material_and_quality
4162dcdb-1429-5c6f-9600-dbe4755e7834,0,material_and_quality
9da643a1-b472-5d67-84ca-0be47c4e6fa2,1,fit_and_sizing
5b809676-1863-5f8a-9a42-d24d226b9536,1,fit_and_sizing
b8fe2e18-f08e-5e43-8be4-ab9da7052e0c,0,fit_and_sizing
fe7b6f3a-db4f-5907-917b-ed8b439ba1ba,0,fit_and_sizing
9f72be8b-5b61-579b-b2ba-7f64e6b27637,1,material_and_quality
fff9b2b7-57ac-5f61-a7bb-6ce90bb3fef1,0,fit_and_sizing
947f613f-d7e3-5c3a-9cb5-12550fff0be2,0,fit_and_sizing
ded51a13-8c03-5070-a849-4ac23d5a0c56,1,material_and_quality
6eb9a049-0dfb-5b36-979c-4b4c7e6cd528,0,style_and_appearance
9d611082-75c3-5d9b-8ee5-9823b84b55a9,1,material_and_quality
b5d7c804-8541-5545-8840-1e106fd48b0b,1,overall_wearability_and_value
11b674e9-70ec-5af4-8894-83c4c2cf2f1b,1,fit_and_sizing
bb9c88a8-3117-5aa0-8c21-c49593357717,1,material_and_quality
30095012-5b16-59b6-a6da-6a01a1276cfa,0,fit_and_sizing
6b3c5131-1565-5259-b275-1a0c8792f9d9,1,fit_and_sizing
6dd6dea6-5196-5724-ba12-0bc1c0f5b265,1,style_and_appearance
480aa333-ce07-57e7-8ec5-abc0bcf481f8,0,style_and_appearance
69f4ef8f-636e-526f-a851-413c5e9528b5,1,material_and_quality
bc1a08ef-4c21-5ce4-963b-c7d01683bb21,0,fit_and_sizing
efb69f68-10e3-5c77-b247-2868473b8020,0,material_and_quality
bf9bfc13-cac1-5e94-8822-922dc5570221,1,material_and_quality
11dd433d-d65f-5135-9566-f6abc87aafe6,1,overall_wearability_and_value
1f916425-cea6-5a00-97fc-48c6a75576cc,0,fit_and_sizing
40a2612d-1ede-5cf9-aa8f-9ba617a80ee0,1,fit_and_sizing
a3439d8a-67d4-52ef-871e-2b95e746c4ed,1,fit_and_sizing
f88c4499-3c43-5274-9b62-5c3976eb3258,1,fit_and_sizing
8d5cc5a0-5666-5256-a823-007b7eb5e7b0,1,fit_and_sizing
abfb7198-0a9d-587b-be9c-5f6f81e1c127,1,style_and_appearance
67801a0f-54b4-5785-ba91-a802ab43d134,1,overall_wearability_and_value
82ce9715-cc70-55f8-8858-3534eb17a77e,0,fit_and_sizing
3250aa1f-6140-5341-b8ef-cee374299547,1,fit_and_sizing
687fbb1b-939c-53bb-b595-17ac67cb18ba,1,material_and_quality
556683a8-0535-5a65-af9e-a226bf9dbd74,0,material_and_quality
ed42389f-d02e-5cac-ac74-baa446bb5068,0,fit_and_sizing
881f0646-0bc5-5bbb-9899-54c256f52b58,0,overall_wearability_and_value
5ce848e7-a5df-5a07-8032-e642be152339,0,fit_and_sizing
2bbfdf3f-abbe-5dbb-bd1f-53374048cd5e,1,fit_and_sizing
7f7d4b8b-58a4-575a-b768-367bbcd0ff3b,0,fit_and_sizing
3c4b6c77-07c1-5add-a6aa-06480acb8303,1,material_and_quality
e9e1a220-25b9-517c-9647-96c60db64e8b,1,overall_wearability_and_value
dccbb31a-370f-52cd-8ed1-611e3b8df409,0,style_and_appearance
d2a85cfc-25a3-5156-8a85-34c651a5682f,1,overall_wearability_and_value
3f7680cf-93d6-55b5-a32b-b439481d11fb,0,style_and_appearance
09b7aa0f-f923-5cda-ad29-ef73ff15f1ef,1,material_and_quality
fa5cd999-8813-5e91-9656-3c21aced49f7,1,material_and_quality
ea295ce6-1526-5215-8954-8475e0043677,1,style_and_appearance
f028bbf8-9f6e-56b6-8e31-44802f2c79f1,0,fit_and_sizing
66653123-478a-54a8-a30f-dc587e8b340e,1,fit_and_sizing
4d2dc2a6-cc21-555e-93de-bc79faa42b3f,0,fit_and_sizing
7f7730b7-d3cd-5405-8cb3-048f1d368474,0,overall_wearability_and_value
b38dd247-20ef-576f-85dd-24ab7ed51e58,0,fit_and_sizing
d834779a-f8e5-5c9c-95f4-a028b8b16649,1,overall_wearability_and_value
d04210a2-70ea-5ba3-a8bd-e8ec8c5c6f40,0,overall_wearability_and_value
b5282a8d-64fa-5a0e-9007-e1e6519a818b,0,fit_and_sizing
2e2b31b9-9894-570b-9382-9d544ca6c178,1,overall_wearability_and_value
eac4150e-6c28-5d20-9dcb-ae2b09498ffe,0,fit_and_sizing
2a924233-214e-5853-b892-e9684a3b3cd2,0,style_and_appearance
0c444be6-ddcd-5c6f-9e9d-56ef2750e8e6,1,style_and_appearance
af1173f9-72e5-5c13-acdc-3bcd192df775,0,style_and_appearance
a5445020-1a06-5de0-8bab-5b4ddd624281,1,style_and_appearance
97bb9ba1-daac-58a0-9744-3d5dce6f92a1,0,fit_and_sizing
221f0c69-fc8b-5f59-bd59-48a3fbe6e4a8,0,material_and_quality
868b6aea-e906-5541-be94-8c41513b9030,1,fit_and_sizing
3be2d474-dad3-54a1-a0ba-cc160060630b,1,overall_wearability_and_value
dc1d50f6-2121-5b1e-ac4a-6f2c9d71903e,0,fit_and_sizing
dfb8efd5-7cc3-5bdd-b9fc-60a1a2b4cf56,0,fit_and_sizing
c412ae0c-1b1c-5909-b93c-0bf3772d2f6e,1,material_and_quality
08e9ccf2-707a-5e21-83a0-73ffdba2a5ca,0,fit_and_sizing
880c27a5-cbc9-58b1-9439-bbdf45beb535,1,style_and_appearance
4bb64ec5-6775-599f-8eb9-5132a4394f83,1,fit_and_sizing
7b10dffb-c096-5c17-b50a-8e0c8279268b,0,style_and_appearance
00d41539-8163-58e4-936a-107a2feda92e,1,style_and_appearance
dfcff54a-ac71-5162-b2e0-4354bbb00919,1,overall_wearability_and_value
a795b7c7-980e-585e-90a8-2e814114c3cd,0,fit_and_sizing
4e5df9bf-bd41-5a28-9bde-e1866e341a4a,1,fit_and_sizing
12cb4c81-42c7-5a46-98b5-1816d9cdf7e0,1,material_and_quality
4d74f02e-f3ee-5b6d-87b3-c72deed71a51,1,style_and_appearance
1d29fee1-1b45-5e09-b6f7-059fc37f7895,0,fit_and_sizing
fafd45df-f241-5ec0-a6dc-d0806ab2d1fe,0,overall_wearability_and_value
5b84cbf6-91be-51c8-8d99-2df485e1c875,1,style_and_appearance
437a5821-16c3-50a5-a405-885c6da3d0a0,1,overall_wearability_and_value
2476ce60-2722-5fff-ad09-0c6ec3b6e734,0,overall_wearability_and_value
135aa25c-583b-54e4-af87-bc0528acb720,0,fit_and_sizing
8a1cbda0-9dfc-5dfa-b6ca-123381c920f1,1,fit_and_sizing
c51d8e71-d868-5c64-bf06-761732ae1384,0,material_and_quality
8b8b8825-1223-50c9-a09e-a942799861bb,1,overall_wearability_and_value
f5d4a664-a876-54f3-9a9c-259d8d0d4405,0,material_and_quality
8c844ec9-c33c-5ca4-8560-db8e6928b6f9,1,fit_and_sizing
2b2c68a0-4593-5130-a9fb-2a08389eb05a,0,fit_and_sizing
a85f2b2a-5ca5-5837-bb00-f7075d4a2624,1,material_and_quality
0cd564f8-ce02-56e3-a07a-d4afe23f6c2b,0,style_and_appearance
ebb47a26-0e1e-5ba2-9854-6fca4606293d,1,overall_wearability_and_value
6b66fdd0-609f-522f-87e3-5f78ddd724b6,1,style_and_appearance
e2005720-71b8-5017-98bd-7d145560dc0a,0,fit_and_sizing
799974fa-f9b1-5a03-ab51-7f37b537dc67,0,material_and_quality
163b80f4-c849-5b62-8a66-d82da4f70c13,0,fit_and_sizing
5d646351-598a-5bed-ad74-c3ffbe50b9f9,1,fit_and_sizing
fcf564cc-ca48-5c62-9af4-3c40053d1d8d,0,material_and_quality
fa81de0a-2e62-5d81-a698-bc98a32960dc,1,overall_wearability_and_value
0bb57eda-ea18-548d-8c75-65318147fae1,1,style_and_appearance
235cf123-0b65-5203-a574-2bf7f350733a,1,overall_wearability_and_value
3a51ac56-297a-5b22-9f38-733ebd616bab,1,overall_wearability_and_value
0a707c53-bc72-5511-82af-7ee66dde5be5,0,material_and_quality
e16db17f-c3b5-5f08-899c-074c6d334f59,1,fit_and_sizing
cc757bc4-5029-5e61-b273-98ab8ad656e3,0,overall_wearability_and_value
dfa673c6-88dc-54f7-8a35-227930cf7593,1,fit_and_sizing
f9861d7f-7b9f-5dfb-85b9-ad263a9da0f4,0,style_and_appearance
ec4aded3-c8e9-5e3a-8681-450c84ed4b16,0,fit_and_sizing
c249b3d9-83a2-540a-98d6-16e00948b2ff,0,fit_and_sizing
239b0834-2e1c-5b62-bde1-7fc637149bdc,1,material_and_quality
5b13dc9f-31d0-57b1-a2a4-824d68476554,1,fit_and_sizing
9cfa4154-2418-51af-86f6-dee6c455768d,1,style_and_appearance
6d259e27-7afc-5975-a575-6ee73b37e9d8,1,fit_and_sizing
b782d469-a444-5e2b-83e3-0d942b06d4bd,1,fit_and_sizing
8be7ca57-3a01-5535-b028-cad9ca372c04,1,fit_and_sizing
c37d4a0e-f359-5828-a051-7b4bbac63c6c,1,fit_and_sizing
7b259d8f-2dbb-503f-96f5-fe7730b69e03,1,fit_and_sizing
4ed3bc3a-4ae3-5669-85da-0bdc6794f0f9,1,fit_and_sizing
325be33c-7948-5db0-9449-02fb7a5239a8,0,fit_and_sizing
d47cc7e5-6caf-5a64-8bfb-9e08b7c57b64,0,style_and_appearance
a5bae123-ea1f-597a-bbe0-bd64a489d576,0,fit_and_sizing
029d99c1-4774-5a15-b2cf-a26d722b646e,1,overall_wearability_and_value
571ec2a6-d117-5fb8-aff4-eeafc094b70f,1,fit_and_sizing
aa221664-4f7a-5a28-afae-3a3f5ae4bc80,1,fit_and_sizing
f414907b-accc-5fc1-96b4-ccabe4db11d1,1,style_and_appearance
14fd8a8d-bd3b-5cfd-9c26-a5963e221446,1,fit_and_sizing
44b9078d-ace1-5265-91d1-78d8624f8deb,1,overall_wearability_and_value
34fda54f-d767-5653-a756-8553df148c80,1,fit_and_sizing
dcea13e9-19c5-5990-b694-5620a016546e,1,fit_and_sizing
018c4ebe-73bc-5d10-9eae-3eed0014fe45,1,overall_wearability_and_value
288a2cb8-bd95-56bf-a84e-6911f80116ea,1,style_and_appearance
fa90a89d-e9a7-5d40-a953-ea1ade5707d8,1,overall_wearability_and_value
f2edbeb0-ab6a-5369-8ef7-1921ffa23ad5,0,fit_and_sizing
66ba4d63-a81d-5fd2-9991-15599922d8b5,1,style_and_appearance
d8fc1ea9-245a-5fc1-9c3e-576e1084470f,0,overall_wearability_and_value
0b7ae7cf-e2ed-5989-8b46-b1265edd9f42,1,overall_wearability_and_value
0a618e93-aca7-5c62-a92c-95aaed9e509c,1,fit_and_sizing
08e672ce-021e-51b6-8a23-80a0a6f31abe,1,material_and_quality
b8f8bf43-95a4-54b2-b819-47c1aba37fb6,1,style_and_appearance
9fe9367d-3f32-597b-af14-df23cf852c23,1,overall_wearability_and_value
0c88a5df-ac37-55e1-a065-6576f454651b,0,material_and_quality
da697341-631b-54a5-b857-f757b617c250,0,fit_and_sizing
fb4d033e-77c6-58b9-be59-543a06fa1b87,1,overall_wearability_and_value
5a4bc01c-8e11-5bf5-a3fa-df2f68b1a737,0,fit_and_sizing
f3d5fe92-ba86-5cc5-8b30-9ceb0917e37d,1,fit_and_sizing
0d7f2806-e92b-5f5b-b7be-487ae3a8a372,1,overall_wearability_and_value
21fbd20b-d1ad-56ad-9706-19378d83eab2,1,material_and_quality
1981e73b-1964-53d7-98df-0a68be6dbcbb,0,overall_wearability_and_value
b5878b16-d224-5ab5-b9a4-ffe861b97cdc,1,style_and_appearance
5919ec73-d799-5a62-9d4b-dbba7be334a2,0,material_and_quality
a394e140-b418-5485-abf9-e353693b794d,1,material_and_quality
6cdb20c5-57c0-5277-b785-854eaa8c651a,1,overall_wearability_and_value
6def8d50-5319-59b6-8b7a-2c28ba2984ed,0,material_and_quality
ada5bfa4-e829-5e0b-96b5-8a8b21a13ed4,0,style_and_appearance
73356713-0bfb-532c-a92f-548d08d3f089,0,fit_and_sizing
fa8a63f1-299f-5ce4-9e8b-b8b5cc659ca2,0,style_and_appearance
07beacdb-cae8-513f-bb2b-2aac28c65cb0,0,overall_wearability_and_value
07edb7bb-b0c4-5780-b6cf-66b6bdca1268,1,overall_wearability_and_value
32264fec-e2c7-5513-8717-adf08204be4d,1,style_and_appearance
8e0ac312-2a2b-5f8c-8110-aa3099ba7533,1,fit_and_sizing
19ca4efa-2cdd-52ae-8c29-33e09380a069,1,fit_and_sizing
e972c7b8-d7af-584b-96d1-bf3071a1fe67,0,material_and_quality
84d53f75-3d36-5412-835c-90caa065c3a6,1,style_and_appearance
86a1b0c3-b971-58c5-9e48-8647a58dcf2e,1,overall_wearability_and_value
137734c1-9605-562a-8435-66b6cf8611c1,0,fit_and_sizing
4c679577-4899-526a-9764-61b959199714,0,material_and_quality
7942a151-d461-5668-b97b-48f20ee0930a,0,fit_and_sizing
6dfeb54d-ff2f-5009-ba3b-362bde1d7c77,0,fit_and_sizing
e7a81072-42e6-50f8-b9cc-ba9c51911160,0,fit_and_sizing
0b28593a-7e67-5200-8eb1-23fdb1edaac6,1,overall_wearability_and_value
219da01d-258d-552a-a1c0-ae1b35017a49,0,material_and_quality
c9ec5935-2d5a-5119-9d3d-8a28a6494bfb,1,fit_and_sizing
d24b2d5f-aa16-5225-81ee-0797f310342b,1,fit_and_sizing
2aef6d80-4f37-5e0d-a7a9-4c9064eff4b2,1,style_and_appearance
10be6007-ea2c-513a-a66d-efa8ea79909e,1,style_and_appearance
4ac0b37a-f497-58f6-b342-f86b8c98552c,1,fit_and_sizing
f774ac05-ecab-53a4-a744-966fa267dc7d,1,fit_and_sizing
c095a7fd-6cee-5c46-834f-54cd35cdb397,1,fit_and_sizing
9eed8ace-e208-5873-aef5-5e659885c45a,1,style_and_appearance
bf8512e4-213b-50ce-90d2-bb01fd94945e,0,style_and_appearance
e1448672-92fc-5c6b-8db1-b4e07a6ff264,1,overall_wearability_and_value
cccd2fe2-f8b6-5740-bb83-0a25511dcdfe,0,fit_and_sizing
c4778f93-074e-59b2-9dcb-34d15776d614,1,fit_and_sizing
618a2737-5049-55d6-8207-7e88d38d7a1b,0,fit_and_sizing
dcdf35da-0429-58ee-b130-06a5f7f0c64b,1,style_and_appearance
886f274d-4231-59cd-b68d-66cc9ec1074d,1,material_and_quality
46105eba-5375-55ed-8a67-266772aba773,0,fit_and_sizing
460434e6-f5e9-5b1f-86c5-d44de8bdfc6c,1,overall_wearability_and_value
64be82de-c6cd-507a-a95b-1eb19bb1dc92,0,style_and_appearance
c2eec69b-c1d7-513f-acf8-0adfa3c0a740,1,style_and_appearance
00d31d44-ef77-5c57-b2e9-32ac2833bef2,0,fit_and_sizing
4216bcd5-f5cf-5ac6-bff0-b85a554f83fd,1,style_and_appearance
711b5312-d95d-5ac4-a2b6-feacd873fcb6,0,material_and_quality
ea7a37ea-d616-5b3a-99e0-a81dbd97264f,0,fit_and_sizing
05fde5f8-9b48-5e34-91c0-e431ce6686c2,1,fit_and_sizing
4de9796a-e08c-59d8-a686-e999a0baa8c9,1,style_and_appearance
78776575-d4c7-5abf-a642-ff23fec1efba,0,fit_and_sizing
ebad3cec-ccc2-5316-8a2c-79d5e5c88ca6,1,fit_and_sizing
24a66730-e3f8-5dda-b7d2-e4832f776c07,1,overall_wearability_and_value
97c5f101-fcd3-5807-a1a2-1060bda6bd79,1,overall_wearability_and_value
7572090b-c55b-5dce-82ca-75e9da84a4d2,0,fit_and_sizing
d8224f84-5de2-5c0b-abe8-851f6c5be968,0,fit_and_sizing
eaf23573-e5e3-537e-94e8-bcd789478c64,0,fit_and_sizing
626778c6-dc2b-5faa-ac33-9dcb690e303f,1,overall_wearability_and_value
c1be1c8f-d7f1-5edd-a47a-52c139057c2a,0,fit_and_sizing
5d2b5ffb-91e8-5e0d-bc81-f256441b7f22,0,fit_and_sizing
ca4373d7-18be-55ae-8975-c27084e179b9,1,style_and_appearance
bb4156cb-8e2a-52d2-abbd-735ded09e58c,0,fit_and_sizing
7c11cd6b-354a-5c14-b89b-6391a3062382,0,overall_wearability_and_value
097db10a-a77f-5217-b7ab-465d040f099f,0,overall_wearability_and_value
a620225d-2390-55e7-9d74-5341cb0f40a9,0,fit_and_sizing
1b2ec6f0-df6f-5d1c-b455-83f38fa45bc4,0,fit_and_sizing
c2eef1d8-6e3b-5ab7-81a7-2979fb4a6028,0,overall_wearability_and_value